Destination	Hotel	Starting Budget	Distance from city centre	Rating
Goa	Sabinas Nest	₹ 1,800	8.5 km from city center	10.0
Goa	APARTMENT AS-6	₹ 1,680	5.4 km from city center	10.0
Goa	Candolim Grande	₹ 2,699	7.2 km from city center	10.0
Goa	Gulmohar Cottages	₹ 2,500	4.7 km from city center	10.0
Goa	Quinta Serena Holiday Resort	₹ 3,510	7.8 km from city center	10.0
Goa	Comfortable Studio Home in Porvorim, Goa	₹ 797	4.8 km from city center	10.0
Manali	Idyllic Inn Manali	₹ 1,500	5.3 km from city center	10.0
Manali	Princess Villa	₹ 2,000	3.4 km from city center	10.0
Manali	The A Square Cafe	₹ 350	2.0 km from city center	10.0
Manali	Hillock-View 1BR Stay on Kanyal Road	₹ 716	1.9 km from city center	10.0
Manali	Hotel Himshakti	₹ 999	4.0 km from city center	10.0
Manali	Mountain Dew Guest House	₹ 700	2.0 km from city center	10.0
Andaman & Nicobar Islands	Hotel Aqua Breeze	₹ 2,500	10.0 km from city center	10.0
Andaman & Nicobar Islands	HOTEL AQUA BREEZE	₹ 2,250	9.6 km from city center	10.0
Andaman & Nicobar Islands	Andaman Bay View	₹ 2,430	9.7 km from city center	10.0
Andaman & Nicobar Islands	Hotel Rainbird	₹ 3,800	9.9 km from city center	10.0
Andaman & Nicobar Islands	Kanchan's Nest	₹ 1,300	12.7 km from city center	9.6
Andaman & Nicobar Islands	NAYANSH RESIDENCY	₹ 2,250	14.9 km from city center	9.6
Coorg	Coorgee Family Homestay	₹ 1,800	1.6 km from city center	10.0
Coorg	BB Estate Homestay - A Wandertrails Showcase	₹ 3,600	3.9 km from city center	10.0
Coorg	Shree Vigneshwara Silent Homestay	₹ 1,500	1.5 km from city center	10.0
Coorg	OYO 17311 Alaka Rester Home Stay	₹ 1,181	1.1 km from city center	10.0
Coorg	Green Vista Home Stay Coorg	₹ 1,904	1.1 km from city center	10.0
Coorg	Akki Homestay	₹ 2,850	1.5 km from city center	10.0
Agra	Hotel The Orient Tree, Agra	₹ 1,200	18.8 km from city center	10.0
Agra	OYO 14219 Hotel Banshi	₹ 1,309	4.8 km from city center	10.0
Agra	The Shriansh, A Boutique Stay	₹ 1,439	5.1 km from city center	10.0
Agra	good vibes hostel	₹ 99	4.7 km from city center	10.0
Agra	Family Affairs	₹ 999	6.2 km from city center	10.0
Agra	Hotel Dream Comfort	₹ 2,000	5.3 km from city center	10.0
Udaipur	Hotel Inder Prakash	₹ 3,600	3.0 km from city center	10.0
Udaipur	Hotel Chirag	₹ 2,240	0.7 km from city center	10.0
Udaipur	Ummed Bhawan	₹ 1,890	3.5 km from city center	10.0
Udaipur	Casa Colonel by Vista Rooms	₹ 2,200	2.7 km from city center	10.0
Udaipur	The Nest - City Center yet Peaceful Homestay	₹ 1,808	2.8 km from city center	10.0
Udaipur	VEER GARH FARMS	₹ 2,975	11.6 km from city center	10.0
Jaipur	Hotel Man Sagar	₹ 1,188	7.4 km from city center	10.0
Jaipur	Hotel Madhav Palace	₹ 1,200	5.2 km from city center	10.0
Jaipur	Hotel Mohit Palace	₹ 1,200	3.5 km from city center	10.0
Jaipur	Angel Resort Sikar Highway	₹ 2,699	17.5 km from city center	10.0
Jaipur	OYO 14565 Hotel Snazzy	₹ 683	9.7 km from city center	10.0
Jaipur	MANGLAM ARPAN	₹ 1,000	10.6 km from city center	10.0
Leh Ladakh	Shakspo House	₹ 3,500	42.6 km from city center	10.0
Leh Ladakh	LONPO GUEST HOUSE	₹ 1,350	42.4 km from city center	10.0
Leh Ladakh	the crash pad	₹ 1,260	42.8 km from city center	10.0
Leh Ladakh	family home	₹ 500	42.2 km from city center	10.0
Leh Ladakh	Eco Homestay	₹ 1,350	42.9 km from city center	10.0
Leh Ladakh	Tsetan Guest house	₹ 450	43.2 km from city center	9.7
Varanasi	RK homestays	₹ 1,259	1.7 km from city center	10.0
Varanasi	Nawab ki Deohri	₹ 2,000	3.7 km from city center	10.0
Varanasi	Paradise Residency	₹ 1,389	4.8 km from city center	10.0
Varanasi	The White Yard - Deluxe Rooms	₹ 2,111	3.2 km from city center	10.0
Varanasi	Hotel Radiance Courtyard	₹ 2,400	3.3 km from city center	10.0
Varanasi	Il Loto Viola	₹ 425	3.7 km from city center	10.0
Jaisalmer	Hotel Jessulkot Jaisalmer	₹ 2,450	0.2 km from city center	10.0
Jaisalmer	Payal Safari Camp	₹ 2,024	37.0 km from city center	10.0
Jaisalmer	Lion guest house	₹ 2,500	0.3 km from city center	10.0
Jaisalmer	Hamari Haveli by Moustache	₹ 2,379	0.9 km from city center	10.0
Jaisalmer	Desert pearl Resort	₹ 3,400	33.1 km from city center	10.0
Jaisalmer	Hotel Dev Villa	₹ 2,450	0.3 km from city center	10.0
Mumbai	Stay Here Apt	₹ 2,975	6.4 km from city center	10.0
Mumbai	Hotel Royal Comfort	₹ 2,016	2.6 km from city center	10.0
Mumbai	Abuzz Hostel Sakinaka	₹ 600	3.6 km from city center	10.0
Mumbai	Frangipani	₹ 1,485	4.1 km from city center	10.0
Mumbai	Ojas Homes- 2 [email protected] minutes drive to Infiniti Mall (Jogeshwari West)	₹ 3,870	8.9 km from city center	10.0
Mumbai	Grand City Homes	₹ 2,999	9.8 km from city center	10.0
Rishikesh	S.S.D. Guest House	₹ 800	7.4 km from city center	10.0
Rishikesh	OYO 22463 Hotel Ananya Palace	₹ 758	7.4 km from city center	10.0
Rishikesh	Ambika Resorts	₹ 2,239	11.3 km from city center	10.0
Rishikesh	Camp Auqa Ganga Rishikesh	₹ 3,150	20.4 km from city center	10.0
Rishikesh	Camp Ganga Waves	₹ 3,500	11.2 km from city center	10.0
Rishikesh	Hotel Raj Rajeshwari Residency	₹ 1,499	7.3 km from city center	10.0
Alleppey	The Pamba Heritage Villa	₹ 3,600	3.6 km from city center	9.7
Alleppey	Maria Heritage Homes	₹ 3,000	0.5 km from city center	9.2
Alleppey	OYO 14976 Ritu Beach Resort	₹ 2,642	12.1 km from city center	9.1
Alleppey	Serene Home Stay	₹ 1,453	10.9 km from city center	9.0
Alleppey	The Lake River Side Resort	₹ 3,250	7.0 km from city center	8.9
Alleppey	Sunny Days Homestay	₹ 3,100	5.4 km from city center	8.7
Munnar	Tea Castle Munnar	₹ 3,799	5.6 km from city center	10.0
Munnar	Rainforest Munnar	₹ 3,000	8.0 km from city center	10.0
Munnar	Exotic 1BR Stay in Adimali, Munnar	₹ 817	5.8 km from city center	10.0
Munnar	Tranquil 1BR Stay in Anachal	₹ 906	7.8 km from city center	10.0
Munnar	Emarald Estate Bungalow Munnar	₹ 2,700	8.5 km from city center	10.0
Munnar	Nandana's Residency	₹ 1,530	7.4 km from city center	10.0
Bangalore	Mon EspacÃ© rester	₹ 850	15.6 km from city center	10.0
Bangalore	Kapoor Habitat	₹ 999	3.2 km from city center	10.0
Bangalore	OYO 23055 Raintree Residences	₹ 1,250	13.5 km from city center	10.0
Bangalore	Raghavi Palace-home with peace	₹ 1,260	8.3 km from city center	10.0
Bangalore	Bougain Villa	₹ 1,700	7.5 km from city center	10.0
Bangalore	Lovely Accommodation	₹ 2,916	20.8 km from city center	10.0
Varkala	Blue Waves Beach Residency	₹ 900	1.0 km from city center	10.0
Varkala	Thathamma homestay	₹ 1,200	3.2 km from city center	10.0
Varkala	Once Upon A Time	₹ 1,499	4.0 km from city center	10.0
Varkala	Village of Grandma	₹ 800	2.2 km from city center	10.0
Varkala	Punartham Homestay	₹ 540	1.3 km from city center	10.0
Varkala	Red Palm Home Stays	₹ 1,110	1.9 km from city center	10.0
Jodhpur	Karan Heritage	₹ 960	5.6 km from city center	10.0
Jodhpur	Dev Bagh	₹ 1,275	78.6 km from city center	10.0
Jodhpur	NotOnMap - Ganga Ram Homestay	₹ 1,200	55.3 km from city center	10.0
Jodhpur	Cygnett Style Mantra	₹ 2,100	1.4 km from city center	9.9
Jodhpur	Dhanna Ram Ki Dhani Village Home Stay	₹ 1,230	78.7 km from city center	9.7
Jodhpur	Chanod Haveli	₹ 2,999	5.3 km from city center	9.6
Shimla	Premium Home Studio in Bharari	₹ 1,034	2.3 km from city center	10.0
Shimla	Hotel Kaithli Hills Shimla	₹ 1,661	11.6 km from city center	10.0
Shimla	Elegant 2BHK House in Bharari	₹ 2,069	2.3 km from city center	10.0
Shimla	KGM Home Stay	₹ 3,600	9.0 km from city center	10.0
Shimla	Cozy Retreat	₹ 1,800	2.2 km from city center	10.0
Shimla	Furnished 1BR Stay in Shoghi	₹ 1,139	7.9 km from city center	10.0
Gangtok	Capital O 36069 Hotel Chitrakoot Residency	₹ 1,310	3.2 km from city center	10.0
Gangtok	Twin Spring	₹ 1,150	2.9 km from city center	10.0
Gangtok	Mustard Seed Farm Cottages	₹ 2,240	5.3 km from city center	10.0
Gangtok	Gesar Homestay	₹ 1,200	0.2 km from city center	10.0
Gangtok	Hotel Kaarlo	₹ 2,000	2.1 km from city center	10.0
Gangtok	Gangtok View Villa	₹ 2,720	1.5 km from city center	10.0
Srinagar	Young Shahzada Group of Houseboats	₹ 1,200	3.5 km from city center	10.0
Srinagar	Lake Victoria Group of House Boat	₹ 1,599	3.6 km from city center	10.0
Srinagar	Dilaram Guest House	₹ 1,000	8.6 km from city center	10.0
Srinagar	Gulab Resort	₹ 1,700	8.6 km from city center	10.0
Srinagar	Badyari Palace Group of House boats	₹ 1,890	3.7 km from city center	10.0
Srinagar	Houseboat Rajas Palace	₹ 1,987	3.1 km from city center	10.0
Darjeeling	Coelogyne Home Stay	₹ 3,500	18.2 km from city center	10.0
Darjeeling	Riva homestay family room	₹ 1,600	2.0 km from city center	10.0
Darjeeling	Priya Homestay	₹ 1,200	14.9 km from city center	10.0
Darjeeling	Haamro Ghar Room Shares	₹ 736	18.1 km from city center	10.0
Darjeeling	Dajling Homestay	₹ 1,800	1.7 km from city center	10.0
Darjeeling	Darjeeling Tea Garden Homestays	₹ 799	9.5 km from city center	10.0
Kolkata	Dorota House	₹ 2,100	5.9 km from city center	10.0
Kolkata	Kolkata Homestay|Ballygunge|WiFi|	₹ 1,980	5.2 km from city center	10.0
Kolkata	Spacious 1BR Home in Kolkata	₹ 797	9.2 km from city center	10.0
Kolkata	The Soni'otel	₹ 3,000	14.0 km from city center	10.0
Kolkata	Air Verve	₹ 2,025	6.0 km from city center	10.0
Kolkata	Flow (1): Double room, attached bath, park street	₹ 3,150	3.5 km from city center	10.0
Amritsar	White House Amritsar	₹ 806	2.7 km from city center	10.0
Amritsar	Vinni's Villa	₹ 1,300	1.5 km from city center	10.0
Amritsar	Hotel G Glossy	₹ 999	0.9 km from city center	10.0
Amritsar	Puranjee villa	₹ 2,125	2.2 km from city center	10.0
Amritsar	OYO 28163 B4 Guest House	₹ 911	4.1 km from city center	10.0
Amritsar	Hotel Saffron	₹ 1,136	1.7 km from city center	10.0
Nainital	Mayadeep Homstay	₹ 1,666	5.9 km from city center	10.0
Nainital	1BHK Apartment in Nainital	₹ 817	6.8 km from city center	10.0
Nainital	Spacious 1BHK Homestay in Bhimtal	₹ 2,337	7.6 km from city center	10.0
Nainital	The Allure Villa	₹ 2,700	13.3 km from city center	10.0
Nainital	Piece of Paradise	₹ 3,660	3.5 km from city center	10.0
Nainital	Estate 15 by Vista Rooms	₹ 3,500	5.1 km from city center	10.0
Ooty	Luxury 2BHK Dwell in Ooty Town	₹ 1,435	1.2 km from city center	10.0
Ooty	Rahamath Cottage	₹ 2,250	2.2 km from city center	10.0
Ooty	OYO 28586 Silver Oak Annexe	₹ 2,804	2.3 km from city center	10.0
Ooty	Pine forest view residency	₹ 1,620	3.1 km from city center	10.0
Ooty	Whitehouse cottage	₹ 1,485	2.1 km from city center	10.0
Ooty	Surya Village	₹ 2,300	3.0 km from city center	10.0
Hyderabad	Spacious 1BR Home in Hyderabad	₹ 739	14.2 km from city center	10.0
Hyderabad	Ababeel Guest House	₹ 3,500	3.7 km from city center	10.0
Hyderabad	OYO 63021 Hotel Hill 9	₹ 771	7.6 km from city center	10.0
Hyderabad	OYO 69076 Hotel Sweekar	₹ 677	17.1 km from city center	10.0
Hyderabad	Greenhaze - The Dorm	₹ 420	10.3 km from city center	10.0
Hyderabad	OYO 69483 Hotel Dsr Residency	₹ 431	15.9 km from city center	10.0
Mussoorie	Beechwood Holiday Apartments	₹ 3,000	0.4 km from city center	10.0
Mussoorie	Seegreen Lodges	₹ 3,199	4.4 km from city center	10.0
Mussoorie	Pinewood Cottage - Your Home Amidst Nature	₹ 2,500	5.5 km from city center	10.0
Mussoorie	Skyline 3BHK Homestay near Picture Palace Mussoorie	₹ 2,447	1.5 km from city center	10.0
Mussoorie	Rooms Near Mall road	₹ 995	0.9 km from city center	10.0
Mussoorie	Hotel Akansha Anand Plaza	₹ 1,080	0.9 km from city center	10.0
Pondicherry	Serene 2BHK Dwell in Pondicherry City Centre	₹ 1,435	3.3 km from city center	10.0
Pondicherry	Standard 1BHK near Pondicherry City Centre	₹ 833	6.1 km from city center	10.0
Pondicherry	Hotel O M Residency	₹ 3,250	6.9 km from city center	10.0
Pondicherry	Compact Studio Home near Pondicherry City Centre	₹ 852	5.0 km from city center	10.0
Pondicherry	Elegant 1BR Homestay in Auroville	₹ 832	8.3 km from city center	10.0
Pondicherry	600m away from Kotakuppam Beach | 2BHK Retreat	₹ 2,483	5.1 km from city center	10.0
Khajuraho	temple view home stay	₹ 299	2.6 km from city center	10.0
Khajuraho	lalita homestay countryside	₹ 966	3.1 km from city center	10.0
Khajuraho	Hostel Buddha Khajuraho	₹ 269	2.4 km from city center	10.0
Khajuraho	Maji Homestay	₹ 200	2.7 km from city center	10.0
Khajuraho	Eeshan Homestay	₹ 200	2.9 km from city center	10.0
Khajuraho	Dormitory Bed Stay	₹ 900	0.7 km from city center	10.0
Chennai	TEMPLE TREE HOMES	₹ 3,000	0.4 km from city center	10.0
Chennai	Thariff Residency, Vadapalani	₹ 1,550	4.5 km from city center	10.0
Chennai	SGN GUEST HOUSE	₹ 1,600	17.6 km from city center	10.0
Chennai	StayBay	₹ 2,500	9.3 km from city center	10.0
Chennai	The Lord's Abode	₹ 1,020	8.7 km from city center	10.0
Chennai	Vibrant 1BR Stay Near Uthandi Beach	₹ 806	21.4 km from city center	10.0
Vaishno Devi	Hotel om shree palace	₹ 672	4.7 km from city center	10.0
Vaishno Devi	Hotel Royal stay	₹ 1,269	4.8 km from city center	10.0
Vaishno Devi	Gouri residency	₹ 945	0.4 km from city center	10.0
Vaishno Devi	Hotel Maha Luxmi Palace	₹ 1,120	4.8 km from city center	9.5
Vaishno Devi	Abrol residency	₹ 1,150	5.0 km from city center	9.5
Vaishno Devi	Pushpa Residency Katra	₹ 1,099	4.7 km from city center	9.0
Dalhousie	Nature Walk Camps with Nature lover and Mountain view	₹ 1,799	1.2 km from city center	10.0
Dalhousie	Hotel Grand Exotica	₹ 1,800	3.8 km from city center	10.0
Dalhousie	Comfort Home	₹ 3,200	1.8 km from city center	9.8
Dalhousie	Devdar Bed & Breakfast	₹ 1,500	0.5 km from city center	9.7
Dalhousie	Aditya Homestay Dalhousie	₹ 1,600	1.9 km from city center	9.5
Dalhousie	Grand View Hotel	₹ 3,850	1.2 km from city center	9.3
Ajanta and Ellora Caves	Ellora Heritage Resort	₹ 2,862	1.6 km from city center	8.4
Ajanta and Ellora Caves	Hotel Kailas	₹ 2,300	1.2 km from city center	8.1
Ajanta and Ellora Caves	Shivam Residency	₹ 990	1.8 km from city center	7.7
Ajanta and Ellora Caves	SPOT ON 67873 Hotel Nisarg Lodging	₹ 789	3.2 km from city center	7.7
Haridwar	Hotel Royal Vrindaban	₹ 2,239	7.3 km from city center	10.0
Haridwar	Anand Utsav Ashram	₹ 400	6.7 km from city center	10.0
Haridwar	Hotel Matri Neer	₹ 1,600	5.2 km from city center	9.7
Haridwar	OYO 69118 Hotel Relax	₹ 640	0.6 km from city center	9.0
Haridwar	Patnimal Guesthouse	₹ 1,400	0.9 km from city center	8.9
Haridwar	Gopi dham	₹ 523	7.2 km from city center	8.8
Kanyakumari	Hotel Jebasakthy	₹ 999	1.3 km from city center	9.4
Kanyakumari	Hotel Samudra Kanyakumari	₹ 1,488	1.6 km from city center	8.7
Kanyakumari	Hotel Jaisas Paradise	₹ 1,500	1.3 km from city center	8.5
Kanyakumari	Capital O 69742 Hotel Jaisas Paradise	₹ 694	1.1 km from city center	8.5
Kanyakumari	Hotel Wins	₹ 950	1.3 km from city center	8.3
Kanyakumari	Phoenix Holiday Home	₹ 1,799	0.9 km from city center	8.3
Mcleodganj	Triund Camps Riverside Resort	₹ 900	3.3 km from city center	10.0
Mcleodganj	Camp Indrunag	₹ 3,000	5.0 km from city center	10.0
Mcleodganj	Delightful 1BHK Cottage in Dharamshala	₹ 816	2.4 km from city center	10.0
Mcleodganj	Best Cottages 2	₹ 3,750	7.3 km from city center	10.0
Mcleodganj	Snow Monk Camp	₹ 1,990	7.0 km from city center	10.0
Mcleodganj	THE HIMALAYAS GUEST HOUSE	₹ 660	2.3 km from city center	10.0
Pune	C 17 SOBA SAHWAS KARVENAGAR	₹ 1,350	5.0 km from city center	10.0
Pune	teak trail	₹ 2,500	21.9 km from city center	10.0
Pune	Cozy Living	₹ 1,250	18.8 km from city center	10.0
Pune	Designer Home Stay in Kharadi, Pune	₹ 750	8.5 km from city center	10.0
Pune	Well-Equipped 1BR Stay in Hinjawadi, Pune	₹ 832	15.9 km from city center	10.0
Pune	Hotel Airport Annex-10 mins from Pune Airport	₹ 1,300	6.8 km from city center	10.0
Kodaikanal	Honey days resorts	₹ 2,500	2.8 km from city center	10.0
Kodaikanal	LAWRENCE VILLA'S	₹ 2,374	0.6 km from city center	10.0
Kodaikanal	Leaf inn blossom kodaikanal	₹ 3,599	4.5 km from city center	10.0
Kodaikanal	Syamantac Villa	₹ 2,520	3.3 km from city center	9.9
Kodaikanal	Hilltop Bungalow	₹ 2,280	0.0 km from city center	9.6
Kodaikanal	Cloudwalks Kodaikanal	₹ 1,990	1.9 km from city center	9.1
Kochi	Royal Residency	₹ 1,863	9.4 km from city center	10.0
Kochi	Nucleus Inn	₹ 2,250	8.5 km from city center	10.0
Kochi	Contemporary 2 BHK Villa in Amrita Nagar, Kochi	₹ 1,167	7.9 km from city center	10.0
Kochi	Exotic 2BHK Abode in Vytilla, Kochi	₹ 797	3.8 km from city center	10.0
Kochi	Cochin Backpackers	₹ 499	7.1 km from city center	10.0
Kochi	Verdant Heritage Bungalow (Entire 1st Floor)	₹ 3,840	4.3 km from city center	10.0
Ahmedabad	Hotel La Gloria	₹ 1,479	19.6 km from city center	10.0
Ahmedabad	Casa Blanca - A Boutique Resort	₹ 2,069	12.3 km from city center	10.0
Ahmedabad	Hotel Park Land	₹ 1,335	6.8 km from city center	10.0
Ahmedabad	Hotel SG 1	₹ 999	5.8 km from city center	10.0
Ahmedabad	Arbor Park Serviced Apartmemt	₹ 2,779	3.1 km from city center	9.5
Ahmedabad	Aaramgruh Hotel Dormitory	₹ 189	11.5 km from city center	9.4
Kanha National Park	Hotel Airan Residency	₹ 300	20.8 km from city center	10.0
Kanha National Park	Narmada Green's Resort	₹ 1,575	10.6 km from city center	10.0
Kanha National Park	Taal Tiger Retreat	₹ 2,560	11.7 km from city center	9.6
Kanha National Park	Pugmark Resort	₹ 2,250	7.4 km from city center	9.2
Kanha National Park	Camp Dev Vilas	₹ 3,007	15.4 km from city center	9.2
Kanha National Park	Jungle King Resort	₹ 1,845	4.7 km from city center	9.2
Mysore	Raasvilla	₹ 1,500	3.6 km from city center	10.0
Mysore	Rose Garden	₹ 570	2.8 km from city center	10.0
Mysore	royal garden lodge	₹ 799	0.0 km from city center	10.0
Mysore	Hosloks Farm Stay Satvic	₹ 2,250	31.1 km from city center	9.6
Mysore	Roambay	₹ 546	0.6 km from city center	9.4
Mysore	Davey's Townhouse by Vista Rooms	₹ 3,200	10.2 km from city center	9.3
Chandigarh	MJs Homestay	₹ 1,277	4.9 km from city center	10.0
Chandigarh	Hotel 1st Choice	₹ 900	3.7 km from city center	10.0
Chandigarh	SPOT ON 61033 Hotel Diamond	₹ 498	8.9 km from city center	10.0
Chandigarh	HOTEL ESS PEE 91	₹ 999	5.3 km from city center	10.0
Chandigarh	Luxurious Apartment - ChandÄ«garh	₹ 3,150	0.3 km from city center	9.4
Chandigarh	Elm	₹ 3,490	8.4 km from city center	9.3
Visakhapatnam	GVK Inn	₹ 1,799	11.2 km from city center	10.0
Visakhapatnam	Sree Residency	₹ 1,439	9.1 km from city center	10.0
Visakhapatnam	OYO 66166 Parinaya Grand	₹ 972	8.1 km from city center	10.0
Visakhapatnam	Hotel Renuka	₹ 799	9.3 km from city center	10.0
Visakhapatnam	Rushikonda Sunrise Guest house	₹ 1,700	18.9 km from city center	10.0
Visakhapatnam	The Pioneer	₹ 2,000	11.3 km from city center	9.6
Lonavala	Honeybee Resort	₹ 3,088	2.0 km from city center	10.0
Lonavala	OYO 63336 Sai Residency	₹ 805	3.6 km from city center	10.0
Lonavala	HOTEL LAXMI RESIDENCY	₹ 1,530	1.6 km from city center	10.0
Lonavala	PawnaMachi Camping	₹ 2,600	16.9 km from city center	10.0
Lonavala	Hotel Girija	₹ 3,000	2.4 km from city center	9.5
Lonavala	Getsetcamp Lonavala Secret Lakeview Camping	₹ 3,600	16.1 km from city center	9.2
Wayanad	Kudajadri Cottage	₹ 3,000	1.4 km from city center	9.9
Wayanad	Woodside Homestay Wayanad	₹ 1,080	15.3 km from city center	9.8
Wayanad	THE SUVISTARA WAYANAD KERALA	₹ 3,250	10.0 km from city center	9.8
Wayanad	Ayurthai	₹ 1,000	11.1 km from city center	9.7
Wayanad	Kudajadri Drizzle Homestay	₹ 1,500	1.7 km from city center	9.4
Wayanad	Keloth Tharavadu	₹ 3,000	7.7 km from city center	9.2
Mount Abu	Elegant 1BR Stay in Mount Abu Central	₹ 1,735	0.5 km from city center	9.2
Mount Abu	HG Grandiose Hotel	₹ 2,800	0.5 km from city center	8.9
Mount Abu	Shaleen Elegance - A Boutique Home Stay	₹ 1,450	0.6 km from city center	8.7
Mount Abu	Hotel Maganji's	₹ 2,250	1.1 km from city center	8.3
Mount Abu	Hotel Saraswati	₹ 1,550	0.6 km from city center	8.2
Mount Abu	Artistic Home Stay in Mount Abu Central	₹ 945	0.7 km from city center	8.0
Hampi	Golden rocks	₹ 1,800	1.5 km from city center	9.8
Hampi	Abhi Homestay	₹ 999	5.6 km from city center	9.5
Hampi	ROCKY HOMESTAY	₹ 3,250	3.2 km from city center	9.5
Hampi	Hidden For-rest	₹ 800	2.3 km from city center	9.5
Hampi	Arjun Homestay	₹ 1,760	3.4 km from city center	9.5
Hampi	BANANA FARM HOUSE	₹ 999	2.3 km from city center	9.4
Gulmarg	Hotel Affarwat	₹ 2,880	1.4 km from city center	8.2
Gulmarg	Pine View Resort	₹ 2,999	1.8 km from city center	7.3
Gulmarg	OYO 70684 Gulmarg Inn	₹ 938	1.0 km from city center	7.3
Gulmarg	Roseland Cottage Gulmarg	₹ 1,999	0.7 km from city center	7.3
Gulmarg	Naivasha - a tranquil orchard studio near Dal Lake	₹ 1,850	42.0 km from city center	9.6
Gulmarg	Sukhniketan Cottage Srinagar, B&B- Room 2	₹ 1,200	42.2 km from city center	9.6
Almora	Ganga Homestay	₹ 1,500	4.8 km from city center	10.0
Almora	Pine Valley Camps	₹ 720	11.8 km from city center	10.0
Almora	Thikalna Himalayan Retreat	₹ 3,575	18.6 km from city center	9.8
Almora	the kurmanchal village	₹ 2,200	4.4 km from city center	9.6
Almora	Stars & Pines	₹ 400	4.8 km from city center	9.6
Almora	Shukun Homestay	₹ 3,600	2.3 km from city center	9.5
Shirdi	Tania President Inn	₹ 2,850	1.1 km from city center	9.2
Shirdi	OYO 26631 Sai Mamta	₹ 1,727	0.4 km from city center	9.0
Shirdi	Hotel Yogiraj	₹ 899	0.5 km from city center	8.6
Shirdi	Sai Palace Express(Shirdi)	₹ 1,499	0.6 km from city center	8.5
Shirdi	Hotel G-Square - Shirdi	₹ 2,800	0.9 km from city center	8.2
Shirdi	Marigold Regency	₹ 2,499	0.7 km from city center	8.1
Auli	NotOnMap Mountain View Abode	₹ 1,500	796.0 km from city center	9.5
Auli	The Snow City	₹ 1,500	0.0 km from city center	9.0
Auli	NotOnMap -- Mountain Studio	₹ 1,500	2.4 km from city center	9.0
Auli	The Sleeping Beauty Hotel	₹ 3,600	3.2 km from city center	8.7
Auli	Chauhan resort auli Badrinath &chauhan tent house Badrinath	₹ 2,750	2.2 km from city center	7.0
Auli	Ishwari Narayani Hotel	₹ 1,705	2.4 km from city center	4.9
Madurai	Apartment House	₹ 700	2.4 km from city center	9.5
Madurai	Criston Home stay	₹ 900	2.7 km from city center	9.3
Madurai	Abirami Rayal Residency Temple Stay	₹ 1,210	2.2 km from city center	9.2
Madurai	Lakshmi palace	₹ 1,200	4.5 km from city center	9.0
Madurai	Viswa Residency by Azalea	₹ 1,866	4.2 km from city center	8.8
Madurai	Avea Accommodation	₹ 990	3.2 km from city center	8.6
Amarnath	Hakeem Homestay	₹ 1,500	35.0 km from city center	10.0
Amarnath	Magic Himalayan Cottage	₹ 1,500	26.1 km from city center	10.0
Amarnath	Hotel Brown Palace	₹ 2,831	26.2 km from city center	9.2
Amarnath	Paradise Guest House	₹ 800	26.9 km from city center	9.2
Amarnath	Zebrina Guest House Pahalgam	₹ 999	26.9 km from city center	9.1
Amarnath	Hotel island pahalgam	₹ 480	27.1 km from city center	9.0
Bodh Gaya	The Peepal Residency	₹ 595	1.7 km from city center	10.0
Bodh Gaya	SPOT ON 44618 Paradise Guest House	₹ 813	1.1 km from city center	9.5
Bodh Gaya	Gaurav guest house	₹ 678	1.2 km from city center	9.5
Bodh Gaya	DEEDI'S GUESTHOUSE	₹ 500	1.7 km from city center	9.2
Bodh Gaya	Suma Guest House	₹ 1,140	1.6 km from city center	9.2
Bodh Gaya	Harsh & Yash Guest House	₹ 650	0.6 km from city center	9.2
Ujjain	Hotel Shipra Avenue	₹ 1,249	1.7 km from city center	10.0
Ujjain	Hotel Rameshwaram	₹ 595	2.2 km from city center	8.9
Ujjain	Shanti Guest House	₹ 525	1.8 km from city center	8.6
Ujjain	Hotel Mj	₹ 1,501	0.5 km from city center	8.3
Ujjain	Mansarovar Guesthouse	₹ 550	2.0 km from city center	8.2
Ujjain	Rudraksh Club And Resorts	₹ 2,500	5.9 km from city center	8.0
Pachmarhi	Hotel himalya	₹ 600	0.6 km from city center	10.0
Pachmarhi	MPT Karnikar Bungalow, Pachmarhi	₹ 3,290	0.9 km from city center	9.6
Pachmarhi	MPT Club View, Pachmarhi	₹ 3,290	0.6 km from city center	9.3
Pachmarhi	MPT Satpura Retreat, Pachmarhi	₹ 3,290	1.8 km from city center	9.1
Pachmarhi	Vanasthali Cottages	₹ 3,000	2.1 km from city center	8.9
Pachmarhi	MPT Amaltas, Pachmarhi	₹ 3,290	0.8 km from city center	8.3
Mahabaleshwar	Vrundavan Bungalow Homestay	₹ 2,700	6.0 km from city center	10.0
Mahabaleshwar	Mayank Residency	₹ 2,400	0.3 km from city center	10.0
Mahabaleshwar	Venna View Hotel	₹ 2,000	2.7 km from city center	10.0
Mahabaleshwar	Sai Rose Villa	₹ 999	8.4 km from city center	10.0
Mahabaleshwar	Green Valley Agro Tourism	₹ 2,160	14.5 km from city center	10.0
Mahabaleshwar	Victoria cottage Mahabaleshwar	₹ 1,200	1.2 km from city center	10.0
Nashik	OYO Home 70372 Royal Stay Tapovan	₹ 626	7.7 km from city center	10.0
Nashik	OYO Home 70374 Royal Stay Tapovan Deluxe	₹ 898	7.7 km from city center	10.0
Nashik	OYO 66919 The Homes	₹ 744	5.6 km from city center	10.0
Nashik	Boutique backpacker junction	₹ 1,300	1.9 km from city center	10.0
Nashik	Hotel Sai Vijay Executive	₹ 1,020	5.7 km from city center	10.0
Nashik	Lake Beze - Farm House	₹ 2,500	22.0 km from city center	10.0
Tirupati	Freshup - Tirupati	₹ 2,559	0.3 km from city center	10.0
Tirupati	PN Service Apartment's	₹ 1,999	3.5 km from city center	9.9
Tirupati	Mahas Homestays | Brand New Fully Furnished Air Conditioned Apartments	₹ 1,499	2.3 km from city center	9.2
Tirupati	Vaibhava Rooms Tirupati	₹ 999	3.2 km from city center	9.1
Tirupati	Sree Service apartments	₹ 1,999	2.7 km from city center	9.0
Tirupati	Sannidhi Service Apartments	₹ 1,035	1.6 km from city center	8.9
Gwalior	Dera Haveli- Heritage homestay	₹ 1,721	2.9 km from city center	9.1
Gwalior	Regency Square Hotel	₹ 1,424	2.8 km from city center	8.8
Gwalior	Govind Niwas Home Stay	₹ 899	3.0 km from city center	8.8
Gwalior	Hotel Grace	₹ 1,550	0.7 km from city center	8.5
Gwalior	Narayanam	₹ 2,849	3.8 km from city center	8.1
Gwalior	MPT Tansen Residency, Gwalior	₹ 2,690	0.5 km from city center	7.9
Mathura	HOTEL BASERA	₹ 1,400	2.8 km from city center	10.0
Mathura	Brij Darshan - Vrindavan Dham	₹ 475	9.1 km from city center	10.0
Mathura	Shri Ji Darshan	₹ 950	1.8 km from city center	10.0
Mathura	Hotel Manbhavan	₹ 2,000	3.1 km from city center	9.6
Mathura	Hotel Lotus Grand	₹ 1,532	4.1 km from city center	9.1
Mathura	Manbhavan Apartments	₹ 2,500	1.3 km from city center	8.6
Jog Falls	Jog Falls Aloka Home Stay	₹ 1,400	2.1 km from city center	10.0
Jog Falls	GundiMane	₹ 1,600	11.2 km from city center	9.2
Jog Falls	KSTDC Hotel Mayura Gerusoppa, Jogfalls	₹ 2,200	0.6 km from city center	8.8
Jog Falls	Mandaara Comforts - Jog Falls	₹ 1,015	0.6 km from city center	8.8
Jog Falls	Jog sharadha homestay	₹ 1,500	2.1 km from city center	8.4
Jog Falls	Hills View Stay	₹ 2,000	3.2 km from city center	8.2
Alibag	Nature's Nest by Maiyra Agrofarms	₹ 2,000	15.4 km from city center	10.0
Alibag	Neville's Villa	₹ 2,625	6.5 km from city center	9.7
Alibag	Laxminarayan Cottage	₹ 1,500	1.3 km from city center	9.6
Alibag	Kapil's Beach Resort	₹ 3,000	7.9 km from city center	9.6
Alibag	à¤®à¥.à¤ªà¥‹à¤¸à¥à¤Ÿ à¤¨à¤¾à¤—à¤¾à¤‚à¤µ....Nature Retreat	₹ 3,000	5.3 km from city center	9.6
Alibag	Raghushilp Guest House	₹ 2,100	2.6 km from city center	9.5
Rameshwaram	Hotel KNP Nest Rameswaram	₹ 1,150	1.0 km from city center	8.7
Rameshwaram	Hotel Ragavendra Rameswaram	₹ 1,700	0.9 km from city center	8.6
Rameshwaram	Hotel NNP Grand	₹ 1,600	0.6 km from city center	8.5
Rameshwaram	Hotel Arjunaa	₹ 2,805	0.1 km from city center	8.5
Rameshwaram	HOTEL VEL RESIDENCY	₹ 1,599	0.9 km from city center	8.2
Rameshwaram	Hotel Ashoka	₹ 2,500	0.6 km from city center	8.2
Vrindavan	SPOT ON 41945 Tulsi Inn	₹ 494	0.5 km from city center	10.0
Vrindavan	Shri Ji Darshan	₹ 950	8.7 km from city center	10.0
Vrindavan	Brij Darshan - Vrindavan Dham	₹ 475	1.1 km from city center	10.0
Vrindavan	HOTEL BASERA	₹ 1,400	9.2 km from city center	10.0
Vrindavan	Holy tripadvisor	₹ 1,199	3.1 km from city center	10.0
Vrindavan	Holytripadvisor 1001-Kanchan palace	₹ 1,099	0.1 km from city center	10.0
Coimbatore	BM Lodge	₹ 713	48.5 km from city center	10.0
Coimbatore	The Chennai Residency	₹ 1,520	1.2 km from city center	10.0
Coimbatore	SPOT ON 64799 Gowthams Nest	₹ 548	9.0 km from city center	10.0
Coimbatore	City center Homes!!!	₹ 500	1.6 km from city center	10.0
Coimbatore	OYO 64684 Bmp Mansion	₹ 1,096	4.9 km from city center	10.0
Coimbatore	Relaxing 2 B/R Estate House, Deenaty, Tamil Nadu	₹ 2,250	53.2 km from city center	9.6
Lucknow	Manbodh niwas	₹ 549	10.4 km from city center	10.0
Lucknow	OYO 27618 Arcadia Inn 2	₹ 844	0.7 km from city center	10.0
Lucknow	Leoz Apartments	₹ 2,999	8.7 km from city center	10.0
Lucknow	SPOT ON 63777 Saubhagya Marriage Hall	₹ 321	10.1 km from city center	10.0
Lucknow	Backpackers Den	₹ 563	1.7 km from city center	10.0
Lucknow	Hashtag Traveler's	₹ 499	7.2 km from city center	10.0
Digha	SPOT ON 41589 Balaka Guest House	₹ 734	1.9 km from city center	9.5
Digha	Treebo Trip Hotel Digha	₹ 1,218	0.5 km from city center	9.5
Digha	Mallickaa Resort	₹ 2,500	9.8 km from city center	9.0
Digha	Ditto Room Hotel Riyadh INN	₹ 2,999	2.2 km from city center	9.0
Digha	Le Roi Digha	₹ 1,799	1.4 km from city center	8.3
Digha	Cozy Inn	₹ 999	2.5 km from city center	7.9
Dharamshala	Triund Camps Riverside Resort	₹ 900	2.3 km from city center	10.0
Dharamshala	Camp Indrunag	₹ 3,000	1.5 km from city center	10.0
Dharamshala	Delightful 1BHK Cottage in Dharamshala	₹ 816	3.8 km from city center	10.0
Dharamshala	Best Cottages 2	₹ 3,750	2.5 km from city center	10.0
Dharamshala	Snow Monk Camp	₹ 1,990	11.0 km from city center	10.0
Dharamshala	THE HIMALAYAS GUEST HOUSE	₹ 660	2.6 km from city center	10.0
Kovalam	Devikripa Homestay	₹ 2,050	3.5 km from city center	10.0
Kovalam	Johny's Beach House	₹ 888	1.8 km from city center	10.0
Kovalam	Padmini House	₹ 1,050	1.4 km from city center	10.0
Kovalam	Bougainvillea Home Stay	₹ 2,000	1.4 km from city center	10.0
Kovalam	Capital O 45944 Club 7	₹ 828	6.3 km from city center	10.0
Kovalam	Karma Ayurvedic Beach Resort	₹ 1,200	1.8 km from city center	10.0
Kaziranga National Park	Pumpkin Lakosha Tourist Lodge	₹ 3,416	7.6 km from city center	10.0
Kaziranga National Park	One Horned Rhino Camp	₹ 1,499	7.0 km from city center	10.0
Kaziranga National Park	Sneha Bhawan	₹ 2,700	6.3 km from city center	9.2
Kaziranga National Park	Villa Shivalay	₹ 1,600	51.1 km from city center	9.1
Kaziranga National Park	Homestaytion	₹ 1,584	6.3 km from city center	9.0
Kaziranga National Park	Kaziranga Eco Camp	₹ 2,499	3.3 km from city center	9.0
Madikeri	Coorgee Family Homestay	₹ 1,800	1.6 km from city center	10.0
Madikeri	BB Estate Homestay - A Wandertrails Showcase	₹ 3,600	3.9 km from city center	10.0
Madikeri	Shree Vigneshwara Silent Homestay	₹ 1,500	1.5 km from city center	10.0
Madikeri	OYO 17311 Alaka Rester Home Stay	₹ 1,181	1.1 km from city center	10.0
Madikeri	Green Vista Home Stay Coorg	₹ 1,904	1.1 km from city center	10.0
Madikeri	Akki Homestay	₹ 2,850	1.5 km from city center	10.0
Matheran	Hunjar House Hotel	₹ 999	0.3 km from city center	8.8
Matheran	Janani Cottages	₹ 1,799	1.0 km from city center	8.7
Matheran	The Ridge Resort	₹ 3,000	6.8 km from city center	8.6
Matheran	Alexander Heritage And Rainforest Resort	₹ 800	0.1 km from city center	8.0
Matheran	Lords Central Hotel	₹ 3,629	0.1 km from city center	7.6
Matheran	FOODnSTAY	₹ 2,430	7.6 km from city center	7.3
Ranthambore	Ranthambhore Bagh Dwar Camp	₹ 1,801	9.9 km from city center	9.8
Ranthambore	The Baagh Ananta Elite Ranthambore	₹ 3,999	9.0 km from city center	7.1
Ranthambore	Hotel T24 Ranthambhore	₹ 1,200	13.6 km from city center	6.6
Ranthambore	HOTEL TIGER HAVELI	₹ 745	13.4 km from city center	9.1
Ranthambore	RANTHAMBORE MAHAL	₹ 986	13.9 km from city center	8.4
Ranthambore	Kesar Kutir BadiGuwadi Bangalow	₹ 2,100	14.0 km from city center	9.2
Jim Corbett National Park	Corbett cottage	₹ 2,400	14.3 km from city center	8.8
Jim Corbett National Park	Tusk and Roar Corbett Resort	₹ 3,200	15.2 km from city center	7.6
Jim Corbett National Park	Jim Corbett Farm House	₹ 2,241	14.4 km from city center	7.6
Jim Corbett National Park	Corbett Orchard-Homestay at Corbett Park Ramnagar	₹ 1,899	24.5 km from city center	10.0
Jim Corbett National Park	Watch Birds In A Heritage Ornithological Sanctuary	₹ 815	34.9 km from city center	9.6
Jim Corbett National Park	Camp Hornbill- 'Pehra' The Machan	₹ 1,500	30.3 km from city center	9.7
Kasol	Kabila Camps	₹ 666	2.8 km from city center	10.0
Kasol	Apple Garden Camps	₹ 800	1.4 km from city center	10.0
Kasol	SKYLAND CAMPS AND CAFE	₹ 850	1.4 km from city center	10.0
Kasol	Pink house kasol	₹ 699	0.1 km from city center	10.0
Kasol	The Five Dimensions Resort	₹ 800	1.5 km from city center	10.0
Kasol	Summer hills camping	₹ 900	7.4 km from city center	10.0
Agartala	OYO 30386 Hotel Gloria Inn	₹ 824	5.8 km from city center	7.8
Agartala	Ginger Agartala	₹ 2,799	1.1 km from city center	7.3
Agartala	SPOT ON 47102 Subra Ghar	₹ 638	5.8 km from city center	7.3
Agartala	Capital O 45971 Green Touch Resort	₹ 2,047	9.0 km from city center	7.0
Agartala	Hotel Palace Inn	₹ 1,650	1.0 km from city center	6.6
Agartala	A India	₹ 599	9.2 km from city center	6.4
Khandala	Honeybee Resort	₹ 3,088	3.9 km from city center	10.0
Khandala	OYO 63336 Sai Residency	₹ 805	7.1 km from city center	10.0
Khandala	HOTEL LAXMI RESIDENCY	₹ 1,530	3.5 km from city center	10.0
Khandala	PawnaMachi Camping	₹ 2,600	20.0 km from city center	10.0
Khandala	Hotel Girija	₹ 3,000	3.6 km from city center	9.5
Khandala	Getsetcamp Lonavala Secret Lakeview Camping	₹ 3,600	19.2 km from city center	9.2
Kalimpong	Tenam Garden Holistic Homestay	₹ 2,000	3.4 km from city center	10.0
Kalimpong	Delights Homestay	₹ 1,356	2.3 km from city center	10.0
Kalimpong	Mansarover Home Stay	₹ 2,200	1.8 km from city center	9.8
Kalimpong	Snow View 1	₹ 1,900	1.0 km from city center	9.8
Kalimpong	Bethany Homestay	₹ 2,000	3.4 km from city center	9.6
Kalimpong	The Footprint	₹ 1,500	1.0 km from city center	9.6
Thanjavur	Ideal Riverview Resort	₹ 3,999	4.7 km from city center	8.7
Thanjavur	Sangam Hotel, Thanjavur	₹ 3,825	1.1 km from city center	8.5
Thanjavur	Rams Inn	₹ 2,250	0.9 km from city center	8.4
Thanjavur	Sivamurugan Lodge	₹ 1,100	4.4 km from city center	8.2
Thanjavur	Hotel Gnanam	₹ 2,745	1.0 km from city center	8.1
Thanjavur	HOTEL AALIA RESIDENCY	₹ 1,275	3.2 km from city center	8.1
Bhubaneswar	Exotic Home Stay in Patia Bhubaneswar	₹ 894	6.2 km from city center	10.0
Bhubaneswar	UpTech Orchid Flat	₹ 2,151	5.4 km from city center	9.6
Bhubaneswar	Tranquil AC Luxury Hostel	₹ 449	1.2 km from city center	9.5
Bhubaneswar	Tranquil Hospitality	₹ 1,980	2.1 km from city center	9.0
Bhubaneswar	Sublime Home stay	₹ 1,591	8.6 km from city center	9.0
Bhubaneswar	OYO 13859 Soveet Residency	₹ 1,956	5.4 km from city center	8.9
Ajmer	Hari Om Yoga Ashram	₹ 1,600	9.1 km from city center	10.0
Ajmer	Hotel New Desert Palace	₹ 650	11.0 km from city center	10.0
Ajmer	HOTEL CHAND PALACE	₹ 250	8.2 km from city center	10.0
Ajmer	Panihari Camps	₹ 1,399	10.4 km from city center	10.0
Ajmer	Zostel Homes Pushkar	₹ 1,999	15.1 km from city center	10.0
Ajmer	hostel in pushkar atithi guest house	₹ 500	9.6 km from city center	10.0
Aurangabad	Click Hotel Aurangabad	₹ 1,613	3.6 km from city center	9.8
Aurangabad	Hotel Chhaya- Foreign Guest Only	₹ 1,400	1.8 km from city center	9.0
Aurangabad	OYO 66598 Hotel Sagar	₹ 789	2.3 km from city center	9.0
Aurangabad	The Story Tellers	₹ 1,400	2.8 km from city center	9.0
Aurangabad	Zostel Aurangabad	₹ 499	1.8 km from city center	8.8
Aurangabad	Vimbivouac	₹ 499	4.9 km from city center	8.8
Jammu	Hotel Jammu Ashok	₹ 1,900	2.6 km from city center	10.0
Jammu	Sandy's Homestay	₹ 2,250	2.2 km from city center	9.6
Jammu	Zone by The Park, Jammu	₹ 2,857	2.8 km from city center	8.7
Jammu	Mango Hotels Jammu	₹ 1,819	11.2 km from city center	8.1
Jammu	Le Roi Jammu	₹ 1,888	3.1 km from city center	7.9
Jammu	Hotel Raghunath	₹ 1,075	0.1 km from city center	7.4
Dehradun	Hill-View Studio Home on Rajpur Road, Dehradun	₹ 857	10.7 km from city center	10.0
Dehradun	Premium 1BR Stay on Rajpur Road, Dehradun	₹ 816	6.8 km from city center	10.0
Dehradun	Vaara	₹ 2,500	3.1 km from city center	10.0
Dehradun	The Doon Homestay	₹ 1,386	0.5 km from city center	10.0
Dehradun	Classic 1BR Stay in Maaldevta	₹ 874	9.9 km from city center	10.0
Dehradun	VASUDHARA HOME STAY	₹ 1,100	2.5 km from city center	10.0
Puri	Udaya Guest House	₹ 1,099	4.2 km from city center	10.0
Puri	OYO 62292 Krishna Kanheyaa Residency	₹ 911	1.9 km from city center	10.0
Puri	Hotel Omm Palace	₹ 2,499	2.7 km from city center	10.0
Puri	Wekare Sea Sight Service Apartment	₹ 2,877	4.3 km from city center	9.9
Puri	Red Stone Premium	₹ 1,499	4.3 km from city center	9.7
Puri	PLEASURE HOME	₹ 2,000	3.2 km from city center	9.2
Cherrapunji	Serinity Guest House	₹ 2,200	2.7 km from city center	9.3
Cherrapunji	Greenland Homestay	₹ 399	7.1 km from city center	9.2
Cherrapunji	Hiraba Homestay	₹ 2,000	3.9 km from city center	8.7
Cherrapunji	Goshen homestay	₹ 1,400	2.4 km from city center	8.4
Cherrapunji	LA KUPAR INN	₹ 3,068	4.4 km from city center	8.3
Cherrapunji	SAN NAEL LA RESORT	₹ 3,500	4.8 km from city center	8.2
Bikaner	Square inn	₹ 700	2.9 km from city center	10.0
Bikaner	Real home stay om SHANTI	₹ 506	1.3 km from city center	10.0
Bikaner	Hotel Udai Niwas	₹ 1,800	1.1 km from city center	9.3
Bikaner	Harsidhi Haveli	₹ 1,250	3.2 km from city center	9.2
Bikaner	Hotel Heeralal	₹ 2,300	3.9 km from city center	9.1
Bikaner	The Prince Haveli	₹ 250	1.9 km from city center	9.0
Shimoga (Shivamogga)	Akash Inn	₹ 1,895	0.8 km from city center	8.4
Shimoga (Shivamogga)	Green View Clarks Inn, Shimoga	₹ 2,500	1.9 km from city center	8.1
Shimoga (Shivamogga)	Royal Orchid Central, Shimoga	₹ 2,250	0.2 km from city center	7.6
Shimoga (Shivamogga)	Hotel Jai Maata Grandeur	₹ 2,499	3.0 km from city center	7.6
Shimoga (Shivamogga)	Blue Crystal Lodge	₹ 950	0.4 km from city center	7.2
Shimoga (Shivamogga)	Mathura Residency	₹ 810	1.4 km from city center	6.8
Hogenakkal	TGC: RD01- Cottages Amidst Ayiur Hills(Food Incl.)	₹ 2,100	36.7 km from city center	6.8
Hogenakkal	TGC:R2-Container Stay Amidst Ayiur Hills(Food Inc)	₹ 2,000	35.8 km from city center	6.8
Hogenakkal	Cozy Tents Stay Close to Ayiur Forest(Food Incl.)	₹ 1,750	33.4 km from city center	6.8
Hogenakkal	85 South East	₹ 750	38.8 km from city center	6.8
Hogenakkal	Urban Getaway @ The Ranch	₹ 750	45.6 km from city center	6.8
Hogenakkal	Comfort Living @ The Ranch	₹ 750	45.5 km from city center	6.8
Gir National Park	The Gir Palace	₹ 2,531	19.8 km from city center	10.0
Gir National Park	Algari Resort	₹ 3,375	24.4 km from city center	10.0
Gir National Park	GIR LIONâ€™ZO, The Jungle Utaro	₹ 2,666	26.4 km from city center	9.7
Gir National Park	Jay khodiyar	₹ 800	25.8 km from city center	9.0
Gir National Park	Hiran Holidays	₹ 2,125	24.1 km from city center	9.0
Gir National Park	Carina Retreat Resort	₹ 2,749	21.9 km from city center	8.7
Kasauli	Sai home stay kasauli	₹ 2,824	5.6 km from city center	10.0
Kasauli	OYO 69898 The Pine Cove	₹ 837	4.1 km from city center	10.0
Kasauli	Aagman 2C's Cottage,	₹ 3,990	8.9 km from city center	10.0
Kasauli	LivingStone Misty Mountains Resort	₹ 3,419	2.6 km from city center	10.0
Kasauli	Safarmaina Resort	₹ 1,800	1.1 km from city center	9.7
Kasauli	The Asgard Kasauli	₹ 2,219	1.6 km from city center	9.7
Pushkar	Hari Om Yoga Ashram	₹ 1,600	3.5 km from city center	10.0
Pushkar	Hotel New Desert Palace	₹ 650	1.3 km from city center	10.0
Pushkar	HOTEL CHAND PALACE	₹ 250	1.7 km from city center	10.0
Pushkar	Panihari Camps	₹ 1,399	1.0 km from city center	10.0
Pushkar	Zostel Homes Pushkar	₹ 1,999	5.5 km from city center	10.0
Pushkar	hostel in pushkar atithi guest house	₹ 500	0.6 km from city center	10.0
Chittorgarh	Roop Shree Hotel	₹ 999	8.5 km from city center	8.4
Chittorgarh	Hotel Royal Inn	₹ 1,700	2.5 km from city center	8.1
Chittorgarh	Chittorgarh Fort Haveli	₹ 1,800	1.9 km from city center	8.0
Chittorgarh	Kukda Resort Chittorgarh	₹ 2,700	0.9 km from city center	7.9
Chittorgarh	Castle Narela Lake Resort	₹ 2,400	12.4 km from city center	7.4
Chittorgarh	Hotel Radhey Heritage	₹ 850	0.1 km from city center	6.6
Nahan	Hotel HV	₹ 900	0.7 km from city center	10.0
Nahan	Hotel Heritage Sanyam	₹ 559	0.3 km from city center	7.5
Nahan	Sonaman Retreat	₹ 2,750	4.8 km from city center	7.5
Nahan	RIVER VIEW COTTAGE MANALI	₹ 1,400	179.9 km from city center	7.5
Nahan	Stone Huts	₹ 1,063	182.2 km from city center	7.5
Nahan	Elegant Room on a Mountain [email protected] The Fogg	₹ 2,450	4.5 km from city center	7.5
Lavasa	Studio Aaparments	₹ 1,300	0.5 km from city center	10.0
Lavasa	Om Sai ram Holliday house	₹ 999	0.5 km from city center	10.0
Lavasa	Studio Apartment On The lake	₹ 2,300	1.0 km from city center	9.5
Lavasa	Happy stay house studio	₹ 1,300	0.5 km from city center	9.0
Lavasa	lack view 3 bhk App	₹ 2,500	0.5 km from city center	8.9
Lavasa	Infinity	₹ 1,499	0.5 km from city center	8.8
Poovar	Johny's Backwater House Poovar	₹ 2,800	1.5 km from city center	10.0
Poovar	Kayaloram Resort	₹ 1,350	1.9 km from city center	8.2
Poovar	Viewpoints Resorts, Poovar island	₹ 1,600	0.3 km from city center	7.7
Poovar	Phoenix Island Resort Poovar	₹ 3,188	1.8 km from city center	6.6
Poovar	Beautiful Villa in Kanyakumari, Karungal	₹ 740	19.7 km from city center	9.3
Poovar	Tiny wooden traditional Kerala cabin	₹ 1,400	22.9 km from city center	9.8
Honnemaradu	GundiMane	₹ 1,600	5.4 km from city center	9.2
Honnemaradu	Home Stay jogafalls	₹ 1,500	10.3 km from city center	6.9
Honnemaradu	GundiMane - Room 2	₹ 2,100	5.4 km from city center	10.0
Honnemaradu	Sugamya Farmhouse	₹ 950	18.8 km from city center	7.3
Honnemaradu	Laughing Elephants Campsite	₹ 1,500	0.9 km from city center	9.8
Honnemaradu	GundiMane - Room 3	₹ 2,100	5.4 km from city center	10.0
